r,n,t
2,100,104
3,100,47
4,100,37
5,100,31
6,100,32
7,100,27
8,100,26
9,100,26
10,100,27
11,100,22
12,100,22
13,100,22
14,100,22
15,100,22
16,100,22
2,200,151
3,200,101
4,200,115
5,200,66
6,200,91
7,200,79
8,200,82
9,200,84
10,200,84
11,200,67
12,200,58
13,200,25
14,200,25
15,200,25
16,200,25
2,300,135
3,300,56
4,300,41
5,300,35
6,300,38
7,300,42
8,300,29
9,300,29
10,300,29
11,300,23
12,300,23
13,300,24
14,300,23
15,300,23
16,300,23
2,400,109
3,400,70
4,400,54
5,400,46
6,400,46
7,400,39
8,400,39
9,400,39
10,400,39
11,400,31
12,400,31
13,400,31
14,400,31
15,400,31
16,400,31
2,500,140
3,500,87
4,500,68
5,500,58
6,500,58
7,500,48
8,500,48
9,500,48
10,500,48
11,500,39
12,500,39
13,500,39
14,500,39
15,500,39
16,500,39
2,600,179
3,600,124
4,600,80
5,600,101
6,600,85
7,600,66
8,600,89
9,600,58
10,600,58
11,600,46
12,600,46
13,600,46
14,600,46
15,600,56
16,600,69
2,700,193
3,700,120
4,700,94
5,700,80
6,700,80
7,700,67
8,700,67
9,700,67
10,700,67
11,700,53
12,700,67
13,700,83
14,700,82
15,700,84
16,700,84
2,800,336
3,800,215
4,800,168
5,800,140
6,800,145
7,800,118
8,800,111
9,800,77
10,800,76
11,800,61
12,800,61
13,800,61
14,800,61
15,800,61
16,800,61
2,900,247
3,900,156
4,900,121
5,900,119
6,900,141
7,900,108
8,900,98
9,900,86
10,900,86
11,900,69
12,900,69
13,900,69
14,900,69
15,900,69
16,900,69
2,1000,275
3,1000,184
4,1000,164
5,1000,134
6,1000,123
7,1000,96
8,1000,96
9,1000,96
10,1000,96
11,1000,77
12,1000,77
13,1000,77
14,1000,77
15,1000,77
16,1000,145
2,1100,294
3,1100,189
4,1100,147
5,1100,126
6,1100,126
7,1100,105
8,1100,105
9,1100,105
10,1100,105
11,1100,84
12,1100,84
13,1100,84
14,1100,84
15,1100,84
16,1100,84
2,1200,326
3,1200,206
4,1200,160
5,1200,137
6,1200,137
7,1200,129
8,1200,114
9,1200,114
10,1200,115
11,1200,91
12,1200,92
13,1200,91
14,1200,92
15,1200,92
16,1200,137
2,1300,347
3,1300,223
4,1300,173
5,1300,149
6,1300,148
7,1300,124
8,1300,124
9,1300,124
10,1300,124
11,1300,99
12,1300,100
13,1300,143
14,1300,151
15,1300,130
16,1300,153
2,1400,590
3,1400,367
4,1400,289
5,1400,223
6,1400,259
7,1400,151
8,1400,153
9,1400,135
10,1400,142
11,1400,113
12,1400,119
13,1400,116
14,1400,110
15,1400,108
16,1400,108
2,1500,411
3,1500,261
4,1500,203
5,1500,173
6,1500,172
7,1500,176
8,1500,145
9,1500,144
10,1500,145
11,1500,118
12,1500,119
13,1500,158
14,1500,165
15,1500,173
16,1500,178
2,1600,526
3,1600,319
4,1600,218
5,1600,187
6,1600,222
7,1600,152
8,1600,152
9,1600,152
10,1600,152
11,1600,122
12,1600,122
13,1600,122
14,1600,122
15,1600,144
16,1600,146
2,1700,474
3,1700,291
4,1700,227
5,1700,194
6,1700,195
7,1700,162
8,1700,162
9,1700,162
10,1700,162
11,1700,130
12,1700,129
13,1700,130
14,1700,130
15,1700,130
16,1700,130
2,1800,481
3,1800,352
4,1800,240
5,1800,205
6,1800,206
7,1800,171
8,1800,171
9,1800,171
10,1800,171
11,1800,137
12,1800,137
13,1800,137
14,1800,137
15,1800,137
16,1800,137
2,1900,526
3,1900,326
4,1900,258
5,1900,217
6,1900,217
7,1900,181
8,1900,181
9,1900,181
10,1900,181
11,1900,145
12,1900,145
13,1900,144
14,1900,145
15,1900,145
16,1900,145
2,2000,535
3,2000,379
4,2000,267
5,2000,229
6,2000,229
7,2000,191
8,2000,191
9,2000,191
10,2000,192
11,2000,153
12,2000,153
13,2000,153
14,2000,153
15,2000,153
16,2000,153
2,2100,564
3,2100,360
4,2100,280
5,2100,240
6,2100,240
7,2100,200
8,2100,200
9,2100,263
10,2100,218
11,2100,160
12,2100,160
13,2100,160
14,2100,160
15,2100,160
16,2100,160
2,2200,674
3,2200,378
4,2200,293
5,2200,252
6,2200,251
7,2200,210
8,2200,209
9,2200,210
10,2200,210
11,2200,218
12,2200,258
13,2200,260
14,2200,236
15,2200,239
16,2200,249
2,2300,616
3,2300,411
4,2300,311
5,2300,304
6,2300,263
7,2300,219
8,2300,219
9,2300,219
10,2300,228
11,2300,211
12,2300,175
13,2300,175
14,2300,175
15,2300,175
16,2300,175
2,2400,649
3,2400,412
4,2400,320
5,2400,275
6,2400,279
7,2400,229
8,2400,229
9,2400,229
10,2400,229
11,2400,183
12,2400,183
13,2400,183
14,2400,183
15,2400,183
16,2400,183
2,2500,671
3,2500,469
4,2500,335
5,2500,287
6,2500,287
7,2500,239
8,2500,239
9,2500,239
10,2500,239
11,2500,192
12,2500,191
13,2500,191
14,2500,191
15,2500,191
16,2500,191
2,2600,756
3,2600,447
4,2600,347
5,2600,297
6,2600,297
7,2600,248
8,2600,248
9,2600,248
10,2600,248
11,2600,237
12,2600,198
13,2600,198
14,2600,198
15,2600,198
16,2600,198
2,2700,725
3,2700,465
4,2700,361
5,2700,355
6,2700,356
7,2700,258
8,2700,258
9,2700,258
10,2700,258
11,2700,206
12,2700,206
13,2700,206
14,2700,281
15,2700,334
16,2700,292
2,2800,750
3,2800,497
4,2800,374
5,2800,370
6,2800,321
7,2800,267
8,2800,267
9,2800,267
10,2800,293
11,2800,229
12,2800,213
13,2800,214
14,2800,213
15,2800,214
16,2800,214
2,2900,784
3,2900,500
4,2900,430
5,2900,332
6,2900,332
7,2900,276
8,2900,276
9,2900,277
10,2900,277
11,2900,221
12,2900,221
13,2900,221
14,2900,221
15,2900,221
16,2900,221
2,3000,804
3,3000,517
4,3000,402
5,3000,344
6,3000,344
7,3000,287
8,3000,287
9,3000,325
10,3000,287
11,3000,229
12,3000,229
13,3000,229
14,3000,229
15,3000,229
16,3000,229
2,3100,874
3,3100,534
4,3100,415
5,3100,356
6,3100,356
7,3100,296
8,3100,296
9,3100,296
10,3100,296
11,3100,237
12,3100,236
13,3100,237
14,3100,275
15,3100,237
16,3100,237
2,3200,938
3,3200,846
4,3200,538
5,3200,371
6,3200,367
7,3200,324
8,3200,306
9,3200,307
10,3200,344
11,3200,244
12,3200,244
13,3200,244
14,3200,245
15,3200,244
16,3200,245
2,3300,891
3,3300,568
4,3300,443
5,3300,379
6,3300,411
7,3300,315
8,3300,316
9,3300,315
10,3300,316
11,3300,252
12,3300,252
13,3300,252
14,3300,252
15,3300,253
16,3300,252
2,3400,915
3,3400,586
4,3400,455
5,3400,390
6,3400,390
7,3400,325
8,3400,325
9,3400,359
10,3400,325
11,3400,260
12,3400,260
13,3400,260
14,3400,260
15,3400,260
16,3400,260
2,3500,976
3,3500,604
4,3500,469
5,3500,402
6,3500,403
7,3500,335
8,3500,335
9,3500,335
10,3500,369
11,3500,268
12,3500,268
13,3500,268
14,3500,268
15,3500,268
16,3500,268
2,3600,1003
3,3600,621
4,3600,482
5,3600,417
6,3600,489
7,3600,345
8,3600,344
9,3600,345
10,3600,344
11,3600,288
12,3600,275
13,3600,275
14,3600,275
15,3600,385
16,3600,386
2,3700,1001
3,3700,679
4,3700,496
5,3700,425
6,3700,425
7,3700,354
8,3700,354
9,3700,354
10,3700,354
11,3700,289
12,3700,283
13,3700,283
14,3700,283
15,3700,283
16,3700,283
2,3800,1028
3,3800,656
4,3800,510
5,3800,437
6,3800,437
7,3800,364
8,3800,364
9,3800,363
10,3800,364
11,3800,294
12,3800,291
13,3800,291
14,3800,291
15,3800,291
16,3800,291
2,3900,1058
3,3900,673
4,3900,523
5,3900,449
6,3900,448
7,3900,373
8,3900,373
9,3900,373
10,3900,386
11,3900,299
12,3900,299
13,3900,299
14,3900,299
15,3900,299
16,3900,299
2,4000,1080
3,4000,914
4,4000,560
5,4000,461
6,4000,460
7,4000,383
8,4000,390
9,4000,383
10,4000,422
11,4000,306
12,4000,307
13,4000,307
14,4000,306
15,4000,307
16,4000,307
2,4100,1110
3,4100,709
4,4100,552
5,4100,473
6,4100,473
7,4100,396
8,4100,393
9,4100,394
10,4100,393
11,4100,315
12,4100,315
13,4100,314
14,4100,315
15,4100,315
16,4100,315
2,4200,1130
3,4200,725
4,4200,564
5,4200,487
6,4200,484
7,4200,403
8,4200,403
9,4200,403
10,4200,403
11,4200,322
12,4200,322
13,4200,323
14,4200,322
15,4200,325
16,4200,322
2,4300,1159
3,4300,760
4,4300,577
5,4300,495
6,4300,495
7,4300,412
8,4300,412
9,4300,412
10,4300,456
11,4300,344
12,4300,329
13,4300,329
14,4300,329
15,4300,329
16,4300,329
2,4400,1422
3,4400,764
4,4400,593
5,4400,508
6,4400,544
7,4400,423
8,4400,426
9,4400,423
10,4400,424
11,4400,339
12,4400,338
13,4400,338
14,4400,338
15,4400,338
16,4400,339
2,4500,1215
3,4500,780
4,4500,617
5,4500,520
6,4500,520
7,4500,433
8,4500,433
9,4500,434
10,4500,434
11,4500,346
12,4500,347
13,4500,347
14,4500,351
15,4500,347
16,4500,347
2,4600,1267
3,4600,801
4,4600,622
5,4600,534
6,4600,534
7,4600,445
8,4600,445
9,4600,530
10,4600,445
11,4600,356
12,4600,356
13,4600,356
14,4600,398
15,4600,356
16,4600,356
2,4700,1268
3,4700,852
4,4700,639
5,4700,543
6,4700,542
7,4700,452
8,4700,452
9,4700,452
10,4700,452
11,4700,362
12,4700,361
13,4700,365
14,4700,361
15,4700,362
16,4700,361
2,4800,1302
3,4800,831
4,4800,645
5,4800,553
6,4800,553
7,4800,462
8,4800,465
9,4800,461
10,4800,461
11,4800,369
12,4800,369
13,4800,369
14,4800,369
15,4800,369
16,4800,369
2,4900,1322
3,4900,850
4,4900,662
5,4900,566
6,4900,565
7,4900,471
8,4900,470
9,4900,471
10,4900,471
11,4900,380
12,4900,376
13,4900,417
14,4900,376
15,4900,377
16,4900,377
2,5000,1350
3,5000,1088
4,5000,673
5,5000,590
6,5000,577
7,5000,481
8,5000,480
9,5000,520
10,5000,480
11,5000,384
12,5000,384
13,5000,384
14,5000,391
15,5000,385
16,5000,384
2,5100,1392
3,5100,889
4,5100,691
5,5100,592
6,5100,592
7,5100,497
8,5100,494
9,5100,493
10,5100,493
11,5100,395
12,5100,394
13,5100,394
14,5100,394
15,5100,394
16,5100,397
2,5200,1402
3,5200,904
4,5200,699
5,5200,599
6,5200,599
7,5200,533
8,5200,500
9,5200,512
10,5200,499
11,5200,399
12,5200,566
13,5200,429
14,5200,400
15,5200,399
16,5200,399
2,5300,1432
3,5300,929
4,5300,712
5,5300,611
6,5300,610
7,5300,508
8,5300,508
9,5300,508
10,5300,513
11,5300,407
12,5300,406
13,5300,407
14,5300,406
15,5300,406
16,5300,407
2,5400,1453
3,5400,934
4,5400,730
5,5400,622
6,5400,621
7,5400,518
8,5400,517
9,5400,518
10,5400,517
11,5400,418
12,5400,414
13,5400,414
14,5400,414
15,5400,414
16,5400,414
2,5500,1720
3,5500,953
4,5500,760
5,5500,634
6,5500,670
7,5500,528
8,5500,529
9,5500,528
10,5500,528
11,5500,428
12,5500,423
13,5500,422
14,5500,422
15,5500,422
16,5500,422
2,5600,1535
3,5600,972
4,5600,760
5,5600,648
6,5600,647
7,5600,540
8,5600,539
9,5600,539
10,5600,540
11,5600,434
12,5600,431
13,5600,431
14,5600,431
15,5600,432
16,5600,431
2,5700,1544
3,5700,986
4,5700,770
5,5700,657
6,5700,657
7,5700,547
8,5700,547
9,5700,547
10,5700,551
11,5700,438
12,5700,481
13,5700,437
14,5700,437
15,5700,437
16,5700,437
2,5800,1580
3,5800,1062
4,5800,781
5,5800,669
6,5800,669
7,5800,558
8,5800,557
9,5800,563
10,5800,557
11,5800,446
12,5800,445
13,5800,445
14,5800,445
15,5800,446
16,5800,445
2,5900,1600
3,5900,1025
4,5900,793
5,5900,681
6,5900,679
7,5900,566
8,5900,570
9,5900,567
10,5900,567
11,5900,453
12,5900,453
13,5900,453
14,5900,453
15,5900,453
16,5900,456
2,6000,1882
3,6000,1042
4,6000,807
5,6000,692
6,6000,752
7,6000,576
8,6000,576
9,6000,577
10,6000,577
11,6000,461
12,6000,461
13,6000,461
14,6000,461
15,6000,461
16,6000,461
2,6100,1659
3,6100,1059
4,6100,822
5,6100,708
6,6100,704
7,6100,586
8,6100,587
9,6100,586
10,6100,586
11,6100,473
12,6100,470
13,6100,469
14,6100,469
15,6100,469
16,6100,469
2,6200,1683
3,6200,1077
4,6200,833
5,6200,757
6,6200,715
7,6200,596
8,6200,595
9,6200,609
10,6200,596
11,6200,475
12,6200,476
13,6200,476
14,6200,562
15,6200,581
16,6200,490
2,6300,1729
3,6300,1090
4,6300,846
5,6300,727
6,6300,730
7,6300,606
8,6300,605
9,6300,605
10,6300,605
11,6300,483
12,6300,483
13,6300,487
14,6300,484
15,6300,484
16,6300,484
2,6400,1740
3,6400,1107
4,6400,865
5,6400,738
6,6400,738
7,6400,615
8,6400,614
9,6400,615
10,6400,618
11,6400,532
12,6400,491
13,6400,507
14,6400,671
15,6400,512
16,6400,492
2,6500,1786
3,6500,1123
4,6500,871
5,6500,748
6,6500,751
7,6500,622
8,6500,622
9,6500,622
10,6500,623
11,6500,498
12,6500,498
13,6500,501
14,6500,498
15,6500,497
16,6500,498
2,6600,1790
3,6600,1140
4,6600,889
5,6600,759
6,6600,759
7,6600,633
8,6600,632
9,6600,636
10,6600,632
11,6600,506
12,6600,506
13,6600,506
14,6600,505
15,6600,506
16,6600,549
2,6700,1833
3,6700,1364
4,6700,899
5,6700,797
6,6700,770
7,6700,678
8,6700,642
9,6700,642
10,6700,641
11,6700,525
12,6700,513
13,6700,513
14,6700,513
15,6700,513
16,6700,513
2,6800,1854
3,6800,1181
4,6800,914
5,6800,784
6,6800,784
7,6800,657
8,6800,653
9,6800,654
10,6800,652
11,6800,522
12,6800,523
13,6800,522
14,6800,526
15,6800,522
16,6800,522
2,6900,2071
3,6900,1194
4,6900,967
5,6900,796
6,6900,795
7,6900,663
8,6900,664
9,6900,669
10,6900,662
11,6900,530
12,6900,530
13,6900,530
14,6900,530
15,6900,533
16,6900,530
2,7000,1915
3,7000,1212
4,7000,946
5,7000,807
6,7000,807
7,7000,673
8,7000,672
9,7000,673
10,7000,676
11,7000,538
12,7000,539
13,7000,539
14,7000,538
15,7000,538
16,7000,538
2,7100,2005
3,7100,1229
4,7100,956
5,7100,825
6,7100,818
7,7100,683
8,7100,682
9,7100,682
10,7100,682
11,7100,549
12,7100,546
13,7100,546
14,7100,546
15,7100,546
16,7100,546
2,7200,1969
3,7200,1246
4,7200,968
5,7200,830
6,7200,833
7,7200,691
8,7200,691
9,7200,692
10,7200,691
11,7200,553
12,7200,557
13,7200,553
14,7200,553
15,7200,553
16,7200,553
2,7300,2219
3,7300,1262
4,7300,982
5,7300,876
6,7300,847
7,7300,699
8,7300,699
9,7300,700
10,7300,700
11,7300,560
12,7300,577
13,7300,560
14,7300,559
15,7300,559
16,7300,559
2,7400,2023
3,7400,1279
4,7400,995
5,7400,852
6,7400,854
7,7400,710
8,7400,709
9,7400,710
10,7400,709
11,7400,567
12,7400,571
13,7400,568
14,7400,568
15,7400,609
16,7400,569
2,7500,2105
3,7500,1303
4,7500,1013
5,7500,867
6,7500,871
7,7500,722
8,7500,722
9,7500,722
10,7500,722
11,7500,595
12,7500,578
13,7500,578
14,7500,578
15,7500,578
16,7500,578
2,7600,2087
3,7600,1320
4,7600,1026
5,7600,883
6,7600,879
7,7600,733
8,7600,733
9,7600,733
10,7600,762
11,7600,626
12,7600,586
13,7600,585
14,7600,586
15,7600,586
16,7600,585
2,7700,2129
3,7700,1377
4,7700,1046
5,7700,891
6,7700,890
7,7700,741
8,7700,742
9,7700,745
10,7700,741
11,7700,592
12,7700,592
13,7700,593
14,7700,593
15,7700,597
16,7700,592
2,7800,2135
3,7800,1353
4,7800,1056
5,7800,901
6,7800,901
7,7800,794
8,7800,764
9,7800,821
10,7800,878
11,7800,600
12,7800,601
13,7800,600
14,7800,601
15,7800,600
16,7800,636
2,7900,2168
3,7900,1376
4,7900,1065
5,7900,913
6,7900,916
7,7900,760
8,7900,761
9,7900,760
10,7900,760
11,7900,608
12,7900,612
13,7900,608
14,7900,609
15,7900,608
16,7900,608
2,8000,2191
3,8000,1612
4,8000,1076
5,8000,928
6,8000,960
7,8000,768
8,8000,767
9,8000,774
10,8000,767
11,8000,614
12,8000,614
13,8000,614
14,8000,615
15,8000,614
16,8000,614
2,8100,2223
3,8100,1421
4,8100,1092
5,8100,936
6,8100,935
7,8100,780
8,8100,784
9,8100,779
10,8100,779
11,8100,623
12,8100,623
13,8100,627
14,8100,623
15,8100,623
16,8100,624
2,8200,2469
3,8200,1422
4,8200,1105
5,8200,986
6,8200,949
7,8200,788
8,8200,788
9,8200,788
10,8200,815
11,8200,630
12,8200,630
13,8200,630
14,8200,631
15,8200,631
16,8200,635
2,8300,2276
3,8300,1438
4,8300,1122
5,8300,958
6,8300,958
7,8300,798
8,8300,802
9,8300,798
10,8300,798
11,8300,638
12,8300,679
13,8300,829
14,8300,638
15,8300,638
16,8300,638
2,8400,2323
3,8400,1465
4,8400,1140
5,8400,989
6,8400,978
7,8400,815
8,8400,815
9,8400,818
10,8400,815
11,8400,653
12,8400,653
13,8400,653
14,8400,652
15,8400,676
16,8400,655
2,8500,2323
3,8500,1486
4,8500,1153
5,8500,1031
6,8500,1004
7,8500,827
8,8500,825
9,8500,968
10,8500,880
11,8500,677
12,8500,672
13,8500,663
14,8500,662
15,8500,702
16,8500,662
2,8600,2356
3,8600,1498
4,8600,1170
5,8600,999
6,8600,999
7,8600,834
8,8600,838
9,8600,834
10,8600,834
11,8600,668
12,8600,668
13,8600,671
14,8600,669
15,8600,668
16,8600,668
2,8700,2564
3,8700,1659
4,8700,1280
5,8700,1080
6,8700,1082
7,8700,899
8,8700,905
9,8700,899
10,8700,901
11,8700,718
12,8700,719
13,8700,719
14,8700,720
15,8700,717
16,8700,720
2,8800,2423
3,8800,1535
4,8800,1198
5,8800,1025
6,8800,1024
7,8800,855
8,8800,916
9,8800,858
10,8800,854
11,8800,685
12,8800,686
13,8800,699
14,8800,686
15,8800,825
16,8800,741
2,8900,2447
3,8900,1557
4,8900,1217
5,8900,1040
6,8900,1041
7,8900,869
8,8900,872
9,8900,868
10,8900,869
11,8900,696
12,8900,696
13,8900,701
14,8900,697
15,8900,696
16,8900,696
2,9000,2697
3,9000,1600
4,9000,1229
5,9000,1090
6,9000,1050
7,9000,877
8,9000,882
9,9000,877
10,9000,876
11,9000,703
12,9000,702
13,9000,707
14,9000,703
15,9000,703
16,9000,703
2,9100,2499
3,9100,1595
4,9100,1239
5,9100,1069
6,9100,1066
7,9100,889
8,9100,888
9,9100,893
10,9100,889
11,9100,742
12,9100,715
13,9100,724
14,9100,714
15,9100,712
16,9100,713
2,9200,2580
3,9200,1620
4,9200,1265
5,9200,1082
6,9200,1081
7,9200,903
8,9200,907
9,9200,903
10,9200,903
11,9200,725
12,9200,724
13,9200,728
14,9200,724
15,9200,724
16,9200,725
2,9300,2585
3,9300,1736
4,9300,1377
5,9300,1088
6,9300,1084
7,9300,967
8,9300,908
9,9300,906
10,9300,915
11,9300,727
12,9300,731
13,9300,727
14,9300,727
15,9300,727
16,9300,727
2,9400,2577
3,9400,1652
4,9400,1284
5,9400,1102
6,9400,1101
7,9400,937
8,9400,919
9,9400,921
10,9400,920
11,9400,980
12,9400,741
13,9400,737
14,9400,738
15,9400,777
16,9400,770
2,9500,2593
3,9500,1664
4,9500,1293
5,9500,1110
6,9500,1112
7,9500,926
8,9500,926
9,9500,926
10,9500,931
11,9500,744
12,9500,744
13,9500,743
14,9500,744
15,9500,747
16,9500,743
2,9600,2681
3,9600,1881
4,9600,1324
5,9600,1123
6,9600,1163
7,9600,939
8,9600,945
9,9600,938
10,9600,937
11,9600,755
12,9600,753
13,9600,757
14,9600,755
15,9600,755
16,9600,754
2,9700,2689
3,9700,1731
4,9700,1328
5,9700,1140
6,9700,1140
7,9700,979
8,9700,1160
9,9700,973
10,9700,963
11,9700,767
12,9700,765
13,9700,793
14,9700,764
15,9700,771
16,9700,766
2,9800,2668
3,9800,1706
4,9800,1329
5,9800,1145
6,9800,1141
7,9800,953
8,9800,953
9,9800,956
10,9800,954
11,9800,765
12,9800,764
13,9800,769
14,9800,765
15,9800,765
16,9800,765
2,9900,2924
3,9900,1738
4,9900,1398
5,9900,1161
6,9900,1161
7,9900,974
8,9900,968
9,9900,970
10,9900,969
11,9900,784
12,9900,778
13,9900,779
14,9900,780
15,9900,779
16,9900,783
2,10000,2737
3,10000,1753
4,10000,1528
5,10000,1763
6,10000,1348
7,10000,980
8,10000,1030
9,10000,982
10,10000,980
11,10000,786
12,10000,793
13,10000,787
14,10000,786
15,10000,787
16,10000,787
2,10100,2820
3,10100,1781
4,10100,1378
5,10100,1182
6,10100,1424
7,10100,1038
8,10100,1063
9,10100,1035
10,10100,1038
11,10100,796
12,10100,794
13,10100,807
14,10100,794
15,10100,794
16,10100,953
2,10200,2795
3,10200,1793
4,10200,1393
5,10200,1200
6,10200,1203
7,10200,1374
8,10200,1348
9,10200,1020
10,10200,1004
11,10200,803
12,10200,804
13,10200,804
14,10200,816
15,10200,805
16,10200,805
2,10300,2840
3,10300,1860
4,10300,1408
5,10300,1209
6,10300,1211
7,10300,1009
8,10300,1009
9,10300,1009
10,10300,1013
11,10300,811
12,10300,811
13,10300,810
14,10300,810
15,10300,815
16,10300,827
2,10400,2849
3,10400,1963
4,10400,1536
5,10400,1227
6,10400,1261
7,10400,1031
8,10400,1022
9,10400,1022
10,10400,1023
11,10400,825
12,10400,821
13,10400,821
14,10400,821
15,10400,821
16,10400,825
2,10500,2865
3,10500,1838
4,10500,1432
5,10500,1234
6,10500,1230
7,10500,1028
8,10500,1031
9,10500,1075
10,10500,1030
11,10500,826
12,10500,841
13,10500,954
14,10500,906
15,10500,828
16,10500,887
2,10600,2941
3,10600,1860
4,10600,1450
5,10600,1281
6,10600,1247
7,10600,1043
8,10600,1081
9,10600,1041
10,10600,1042
11,10600,838
12,10600,873
13,10600,837
14,10600,837
15,10600,838
16,10600,838
2,10700,2936
3,10700,1880
4,10700,1465
5,10700,1263
6,10700,1258
7,10700,1051
8,10700,1055
9,10700,1052
10,10700,1052
11,10700,845
12,10700,849
13,10700,845
14,10700,846
15,10700,846
16,10700,845
2,10800,2996
3,10800,1891
4,10800,1475
5,10800,1467
6,10800,1267
7,10800,1058
8,10800,1107
9,10800,1059
10,10800,1059
11,10800,850
12,10800,854
13,10800,852
14,10800,850
15,10800,850
16,10800,854
2,10900,2989
3,10900,1915
4,10900,1495
5,10900,1288
6,10900,1301
7,10900,1106
8,10900,1259
9,10900,1076
10,10900,1072
11,10900,911
12,10900,864
13,10900,863
14,10900,864
15,10900,864
16,10900,869
2,11000,3000
3,11000,1925
4,11000,1505
5,11000,1290
6,11000,1290
7,11000,1083
8,11000,1079
9,11000,1079
10,11000,1079
11,11000,872
12,11000,909
13,11000,870
14,11000,869
15,11000,881
16,11000,868
2,11100,3051
3,11100,1949
4,11100,1523
5,11100,1306
6,11100,1305
7,11100,1093
8,11100,1092
9,11100,1093
10,11100,1095
11,11100,878
12,11100,879
13,11100,878
14,11100,882
15,11100,878
16,11100,879
2,11200,3127
3,11200,1976
4,11200,1534
5,11200,1319
6,11200,1321
7,11200,1102
8,11200,1102
9,11200,1106
10,11200,1102
11,11200,886
12,11200,886
13,11200,891
14,11200,886
15,11200,886
16,11200,886
2,11300,3128
3,11300,1998
4,11300,1547
5,11300,1415
6,11300,1470
7,11300,1114
8,11300,1120
9,11300,1150
10,11300,1112
11,11300,895
12,11300,901
13,11300,894
14,11300,894
15,11300,894
16,11300,899
2,11400,3115
3,11400,2002
4,11400,1566
5,11400,1388
6,11400,1345
7,11400,1362
8,11400,1126
9,11400,1122
10,11400,1195
11,11400,906
12,11400,904
13,11400,902
14,11400,937
15,11400,904
16,11400,905
2,11500,3159
3,11500,2029
4,11500,1579
5,11500,1362
6,11500,1356
7,11500,1136
8,11500,1136
9,11500,1294
10,11500,1208
11,11500,914
12,11500,957
13,11500,916
14,11500,915
15,11500,914
16,11500,927
2,11600,3185
3,11600,2040
4,11600,1597
5,11600,1369
6,11600,1369
7,11600,1149
8,11600,1146
9,11600,1146
10,11600,1149
11,11600,922
12,11600,922
13,11600,922
14,11600,975
15,11600,923
16,11600,922
2,11700,3200
3,11700,2058
4,11700,1602
5,11700,1380
6,11700,1376
7,11700,1152
8,11700,1154
9,11700,1151
10,11700,1151
11,11700,926
12,11700,930
13,11700,926
14,11700,926
15,11700,926
16,11700,930
2,11800,3271
3,11800,2078
4,11800,1624
5,11800,1393
6,11800,1397
7,11800,1166
8,11800,1164
9,11800,1165
10,11800,1167
11,11800,938
12,11800,937
13,11800,938
14,11800,941
15,11800,938
16,11800,937
2,11900,3289
3,11900,2327
4,11900,1634
5,11900,1445
6,11900,1401
7,11900,1185
8,11900,1173
9,11900,1172
10,11900,1172
11,11900,949
12,11900,943
13,11900,943
14,11900,943
15,11900,948
16,11900,964
2,12000,3276
3,12000,2151
4,12000,1869
5,12000,1433
6,12000,1455
7,12000,1183
8,12000,1190
9,12000,1184
10,12000,1183
11,12000,952
12,12000,957
13,12000,953
14,12000,951
15,12000,951
16,12000,956
2,12100,3312
3,12100,2133
4,12100,1663
5,12100,1477
6,12100,1444
7,12100,1198
8,12100,1199
9,12100,1428
10,12100,1200
11,12100,964
12,12100,1020
13,12100,966
14,12100,964
15,12100,964
16,12100,990
2,12200,3356
3,12200,2145
4,12200,1699
5,12200,1438
6,12200,1464
7,12200,1205
8,12200,1224
9,12200,1405
10,12200,1224
11,12200,967
12,12200,969
13,12200,998
14,12200,970
15,12200,969
16,12200,969
2,12300,3352
3,12300,2158
4,12300,1690
5,12300,1449
6,12300,1448
7,12300,1212
8,12300,1211
9,12300,1211
10,12300,1286
11,12300,977
12,12300,976
13,12300,1003
14,12300,975
15,12300,976
16,12300,1178
2,12400,3384
3,12400,2178
4,12400,1704
5,12400,1462
6,12400,1461
7,12400,1227
8,12400,1223
9,12400,1224
10,12400,1227
11,12400,985
12,12400,984
13,12400,1045
14,12400,986
15,12400,988
16,12400,1202
2,12500,3412
3,12500,2198
4,12500,1717
5,12500,1475
6,12500,1474
7,12500,1234
8,12500,1234
9,12500,1234
10,12500,1249
11,12500,994
12,12500,994
13,12500,998
14,12500,994
15,12500,1128
16,12500,1088
2,12600,3444
3,12600,2218
4,12600,1735
5,12600,1489
6,12600,1493
7,12600,1248
8,12600,1247
9,12600,1251
10,12600,1247
11,12600,1004
12,12600,1005
13,12600,1008
14,12600,1005
15,12600,1004
16,12600,1003
2,12700,3519
3,12700,2237
4,12700,1747
5,12700,1502
6,12700,1505
7,12700,1255
8,12700,1255
9,12700,1260
10,12700,1256
11,12700,1011
12,12700,1015
13,12700,1011
14,12700,1011
15,12700,1011
16,12700,1015
2,12800,3544
3,12800,2270
4,12800,1759
5,12800,1514
6,12800,1514
7,12800,1267
8,12800,1271
9,12800,1266
10,12800,1267
11,12800,1021
12,12800,1024
13,12800,1021
14,12800,1020
15,12800,1025
16,12800,1020
2,12900,3653
3,12900,2354
4,12900,1809
5,12900,1528
6,12900,1521
7,12900,1273
8,12900,1277
9,12900,1274
10,12900,1274
11,12900,1030
12,12900,1026
13,12900,1026
14,12900,1030
15,12900,1027
16,12900,1026
2,13000,3810
3,13000,2294
4,13000,1840
5,13000,1540
6,13000,1539
7,13000,1293
8,13000,1289
9,13000,1289
10,13000,1294
11,13000,1038
12,13000,1038
13,13000,1042
14,13000,1038
15,13000,1038
16,13000,1038
2,13100,3662
3,13100,2321
4,13100,2001
5,13100,1557
6,13100,1556
7,13100,1340
8,13100,1313
9,13100,1297
10,13100,1301
11,13100,1052
12,13100,1045
13,13100,1048
14,13100,1045
15,13100,1050
16,13100,1048
2,13200,3660
3,13200,2554
4,13200,1837
5,13200,1605
6,13200,1564
7,13200,1322
8,13200,1309
9,13200,1309
10,13200,1321
11,13200,1055
12,13200,1055
13,13200,1066
14,13200,1054
15,13200,1053
16,13200,1053
2,13300,3656
3,13300,2602
4,13300,1880
5,13300,1580
6,13300,1597
7,13300,1325
8,13300,1330
9,13300,1325
10,13300,1324
11,13300,1071
12,13300,1068
13,13300,1068
14,13300,1068
15,13300,1072
16,13300,1068
2,13400,3657
3,13400,2405
4,13400,2067
5,13400,1588
6,13400,1585
7,13400,1378
8,13400,1327
9,13400,1327
10,13400,1357
11,13400,1070
12,13400,1069
13,13400,1074
14,13400,1069
15,13400,1069
16,13400,1074
2,13500,3694
3,13500,2637
4,13500,1863
5,13500,1645
6,13500,1602
7,13500,1341
8,13500,1345
9,13500,1340
10,13500,1337
11,13500,1085
12,13500,1080
13,13500,1080
14,13500,1084
15,13500,1081
16,13500,1081
2,13600,3715
3,13600,2443
4,13600,1885
5,13600,1842
6,13600,1628
7,13600,1389
8,13600,1349
9,13600,1355
10,13600,1349
11,13600,1086
12,13600,1091
13,13600,1087
14,13600,1086
15,13600,1090
16,13600,1087
2,13700,3741
3,13700,2627
4,13700,1921
5,13700,1657
6,13700,1628
7,13700,1358
8,13700,1357
9,13700,1362
10,13700,1358
11,13700,1093
12,13700,1097
13,13700,1094
14,13700,1094
15,13700,1094
16,13700,1097
2,13800,3782
3,13800,2524
4,13800,1913
5,13800,1754
6,13800,1743
7,13800,1413
8,13800,1417
9,13800,1376
10,13800,1382
11,13800,1110
12,13800,1109
13,13800,1115
14,13800,1110
15,13800,1109
16,13800,1113
2,13900,3819
3,13900,2689
4,13900,1931
5,13900,1698
6,13900,1648
7,13900,1395
8,13900,1379
9,13900,1380
10,13900,1384
11,13900,1112
12,13900,1112
13,13900,1116
14,13900,1111
15,13900,1111
16,13900,1112
2,14000,4080
3,14000,2524
4,14000,1950
5,14000,1666
6,14000,1659
7,14000,1395
8,14000,1390
9,14000,1389
10,14000,1396
11,14000,1121
12,14000,1121
13,14000,1122
14,14000,1125
15,14000,1119
16,14000,1121
2,14100,3903
3,14100,2716
4,14100,1949
5,14100,1728
6,14100,1674
7,14100,1432
8,14100,1442
9,14100,1406
10,14100,1408
11,14100,1131
12,14100,1130
13,14100,1135
14,14100,1131
15,14100,1131
16,14100,1130
2,14200,4130
3,14200,2569
4,14200,1964
5,14200,1701
6,14200,1689
7,14200,1433
8,14200,1415
9,14200,1415
10,14200,1420
11,14200,1145
12,14200,1141
13,14200,1146
14,14200,1142
15,14200,1140
16,14200,1140
2,14300,4148
3,14300,2541
4,14300,2013
5,14300,1715
6,14300,1699
7,14300,1427
8,14300,1423
9,14300,1423
10,14300,1427
11,14300,1147
12,14300,1148
13,14300,1152
14,14300,1148
15,14300,1148
16,14300,1151
2,14400,3969
3,14400,2544
4,14400,1986
5,14400,1706
6,14400,1706
7,14400,1433
8,14400,1428
9,14400,1433
10,14400,1429
11,14400,1152
12,14400,1156
13,14400,1153
14,14400,1152
15,14400,1152
16,14400,1155
2,14500,4193
3,14500,2559
4,14500,2003
5,14500,1717
6,14500,1721
7,14500,1438
8,14500,1438
9,14500,1441
10,14500,1438
11,14500,1160
12,14500,1164
13,14500,1160
14,14500,1159
15,14500,1164
16,14500,1161
2,14600,3983
3,14600,2574
4,14600,2016
5,14600,1731
6,14600,1747
7,14600,1449
8,14600,1477
9,14600,1452
10,14600,1452
11,14600,1218
12,14600,1172
13,14600,1171
14,14600,1393
15,14600,1174
16,14600,1169
2,14700,4020
3,14700,2604
4,14700,2031
5,14700,1752
6,14700,1746
7,14700,1469
8,14700,1464
9,14700,1464
10,14700,1705
11,14700,1184
12,14700,1181
13,14700,1233
14,14700,1181
15,14700,1180
16,14700,1185
2,14800,4040
3,14800,2614
4,14800,2078
5,14800,1757
6,14800,1770
7,14800,1472
8,14800,1512
9,14800,1485
10,14800,1590
11,14800,1276
12,14800,1195
13,14800,1188
14,14800,1221
15,14800,1192
16,14800,1187
2,14900,4068
3,14900,2635
4,14900,2054
5,14900,1772
6,14900,1905
7,14900,1570
8,14900,1498
9,14900,1523
10,14900,1488
11,14900,1194
12,14900,1194
13,14900,1199
14,14900,1194
15,14900,1194
16,14900,1194
2,15000,4097
3,15000,2666
4,15000,2074
5,15000,1826
6,15000,1782
7,15000,1728
8,15000,1496
9,15000,1515
10,15000,1496
11,15000,1205
12,15000,1209
13,15000,1204
14,15000,1204
15,15000,1212
16,15000,1205
